{"stats":{"minecraft:crafted":{"minecraft:cooked_beef":12,"minecraft:oak_planks":12,"minecraft:crafting_table":1,"minecraft:iron_helmet":1,"minecraft:wooden_pickaxe":1,"minecraft:cooked_chicken":6,"minecraft:iron_sword":1,"minecraft:furnace":1,"minecraft:bucket":1,"minecraft:stone_axe":1,"minecraft:flint_and_steel":1,"minecraft:air":0,"minecraft:jungle_planks":16,"minecraft:oak_boat":1,"minecraft:iron_boots":1,"minecraft:iron_chestplate":1,"minecraft:diamond_pickaxe":1,"minecraft:shield":1,"minecraft:stick":12,"minecraft:iron_ingot":34,"minecraft:iron_pickaxe":1,"minecraft:stone_pickaxe":1,"minecraft:stone_sword":1,"minecraft:iron_leggings":1},"minecraft:mined":{"minecraft:deepslate_diamond_ore":5,"minecraft:jungle_leaves":2,"minecraft:obsidian":10,"minecraft:crafting_table":7,"minecraft:short_grass":4,"minecraft:grass_block":2,"minecraft:jungle_log":4,"minecraft:lapis_ore":1,"minecraft:spawner":1,"minecraft:furnace":4,"minecraft:iron_ore":40,"minecraft:deepslate_lapis_ore":1,"minecraft:oak_log":7,"minecraft:coal_ore":14,"minecraft:deepslate_iron_ore":7,"minecraft:vine":2,"minecraft:gravel":9,"minecraft:dirt":3,"minecraft:cobweb":9,"minecraft:stone":80,"minecraft:deepslate":12},"minecraft:dropped":{"minecraft:gravel":6,"minecraft:stone_sword":1,"minecraft:rail":1},"minecraft:custom":{"minecraft:interact_with_furnace":31,"minecraft:mob_kills":26,"minecraft:interact_with_crafting_table":17,"minecraft:time_since_death":35677,"minecraft:climb_one_cm":40,"minecraft:time_since_rest":35677,"minecraft:sprint_one_cm":88970,"minecraft:damage_taken":795,"minecraft:walk_one_cm":47375,"minecraft:damage_blocked_by_shield":557,"minecraft:drop":5,"minecraft:damage_dealt":3269,"minecraft:swim_one_cm":3081,"minecraft:fly_one_cm":94932,"minecraft:crouch_one_cm":13606,"minecraft:play_time":35677,"minecraft:sneak_time":5461,"minecraft:walk_under_water_one_cm":1020,"minecraft:jump":653,"minecraft:walk_on_water_one_cm":7220,"minecraft:total_world_time":35677,"minecraft:fall_one_cm":17956},"minecraft:killed":{"minecraft:cave_spider":4,"minecraft:spider":1,"minecraft:sheep":1,"minecraft:skeleton":6,"minecraft:zombie":2,"minecraft:chicken":6,"minecraft:cow":5,"minecraft:enderman":1},"minecraft:picked_up":{"minecraft:crafting_table":7,"minecraft:feather":9,"minecraft:chicken":6,"minecraft:jungle_log":4,"minecraft:leather":4,"minecraft:flint":1,"minecraft:oak_log":7,"minecraft:dirt":5,"minecraft:lapis_lazuli":16,"minecraft:string":13,"minecraft:bone":6,"minecraft:bow":2,"minecraft:cobbled_deepslate":11,"minecraft:beef":13,"minecraft:oak_boat":1,"minecraft:jungle_sapling":1,"minecraft:furnace":4,"minecraft:raw_iron":47,"minecraft:torch":1,"minecraft:gravel":14,"minecraft:arrow":7,"minecraft:diamond":5,"minecraft:mutton":2,"minecraft:obsidian":10,"minecraft:coal":73,"minecraft:white_wool":1,"minecraft:rail":1,"minecraft:cobblestone":79},"minecraft:used":{"minecraft:water_bucket":3,"minecraft:stone_sword":33,"minecraft:flint_and_steel":1,"minecraft:stone_pickaxe":57,"minecraft:wooden_pickaxe":18,"minecraft:shield":14,"minecraft:iron_sword":51,"minecraft:cooked_chicken":6,"minecraft:iron_chestplate":1,"minecraft:torch":18,"minecraft:dirt":5,"minecraft:crafting_table":6,"minecraft:obsidian":10,"minecraft:jungle_sapling":1,"minecraft:diamond_pickaxe":17,"minecraft:iron_pickaxe":84,"minecraft:gravel":8,"minecraft:stone_axe":15,"minecraft:cobblestone":38,"minecraft:furnace":3,"minecraft:bucket":4,"minecraft:oak_boat":1,"minecraft:cooked_beef":6,"minecraft:cobbled_deepslate":11}},"DataVersion":3953}